temporal_type,lag_window,horizon,variant,target_type,MAE_test_mean,RMSE_test_mean,MAPE_test_mean,sMAPE_test_mean,MAE_test_std,RMSE_test_std,MAPE_test_std,sMAPE_test_std
unit,7,7,baseline_1_xgb_tabular_raw,raw,410.0123979818712,995.4419415402626,264.84261450252393,128.2077315037784,6.120664725805225,42.53854216068399,40.75666829996802,0.25984557587925955
unit,7,14,baseline_1_xgb_tabular_raw,raw,410.0123979818712,995.4419415402626,264.84261450252393,128.2077315037784,6.120664725805225,42.53854216068399,40.75666829996802,0.25984557587925955
unit,7,30,baseline_1_xgb_tabular_raw,raw,410.0123979818712,995.4419415402626,264.84261450252393,128.2077315037784,6.120664725805225,42.53854216068399,40.75666829996802,0.25984557587925955
unit,14,7,baseline_1_xgb_tabular_raw,raw,365.3720262862344,901.1209894926205,215.65942170995143,126.52034180582417,6.767868233927033,9.259671489583019,37.67288452884608,0.13124321440964534
unit,14,14,baseline_1_xgb_tabular_raw,raw,365.3720262862344,901.1209894926205,215.65942170995143,126.52034180582417,6.767868233927033,9.259671489583019,37.67288452884608,0.13124321440964534
unit,14,30,baseline_1_xgb_tabular_raw,raw,365.3720262862344,901.1209894926205,215.65942170995143,126.52034180582417,6.767868233927033,9.259671489583019,37.67288452884608,0.13124321440964534
unit,30,7,baseline_1_xgb_tabular_raw,raw,356.3855558995376,927.9329635978876,213.39597650294672,125.87386392316348,1.6325001363307725,18.797833073797964,16.510459792582434,0.20203343017319117
unit,30,14,baseline_1_xgb_tabular_raw,raw,356.3855558995376,927.9329635978876,213.39597650294672,125.87386392316348,1.6325001363307725,18.797833073797964,16.510459792582434,0.20203343017319117
unit,30,30,baseline_1_xgb_tabular_raw,raw,356.3855558995376,927.9329635978876,213.39597650294672,125.87386392316348,1.6325001363307725,18.797833073797964,16.510459792582434,0.20203343017319117
