temporal_type,graph_mode,lag_window,horizon,variant,tag,target_type,n_features,MAE_train,RMSE_train,MAPE_train,sMAPE_train,MAE_val,RMSE_val,MAPE_val,sMAPE_val,MAE_test,RMSE_test,MAPE_test,sMAPE_test
unit,hetero,7,7,baseline_3_xgb_graph_hetero_raw,baseline3_xgb_graph_hetero_raw_h7_lag7_unit,raw,117,215.87920391370244,437.77521120562113,265.58879243507295,123.62216463705862,396.14267852905084,1041.9234982283344,204.79713567023796,130.4505367182885,401.8295101921983,1010.4963995576525,212.14931500034595,127.14814519975958
unit,hetero,7,14,baseline_3_xgb_graph_hetero_raw,baseline3_xgb_graph_hetero_raw_h14_lag7_unit,raw,117,190.06740176195325,382.8583338202162,238.06780082593298,122.96406795182486,396.15198172591573,1099.0962845376455,222.38886118769761,131.0457975875993,425.2666434371545,1068.8356854796132,212.50854764546202,130.86526348104917
unit,hetero,7,30,baseline_3_xgb_graph_hetero_raw,baseline3_xgb_graph_hetero_raw_h30_lag7_unit,raw,117,258.683978092343,538.9668495547422,379.27137196956414,127.21146322754937,408.5999201136459,1080.6212805095345,284.1932634238072,129.71547724692124,479.287528481219,1224.2116123485089,139.40606791842373,140.71383610229827
unit,hetero,14,7,baseline_3_xgb_graph_hetero_raw,baseline3_xgb_graph_hetero_raw_h7_lag14_unit,raw,145,245.37659054973253,496.2659566597774,308.2182455905118,125.371474501566,419.5552458643478,1082.203037192445,238.87122574890248,131.93766957956984,365.32395462728954,889.6538881941675,238.02593910745227,126.07705393978192
unit,hetero,14,14,baseline_3_xgb_graph_hetero_raw,baseline3_xgb_graph_hetero_raw_h14_lag14_unit,raw,145,177.7927703501736,357.0195600981926,224.0463021905299,122.89892546024414,406.79036485873877,1119.160983525379,219.8310774362564,130.87969731526823,377.6844090725746,968.0700591483329,173.7937292677942,129.45901497159082
unit,hetero,14,30,baseline_3_xgb_graph_hetero_raw,baseline3_xgb_graph_hetero_raw_h30_lag14_unit,raw,145,146.98347240483972,285.7469324896006,221.79802904693014,123.34115827678647,394.3272540835054,1059.2092858626163,165.35613765397997,128.94206747773654,403.8805879502297,1052.744510386046,160.71889607385143,138.3653124737245
unit,hetero,30,7,baseline_3_xgb_graph_hetero_raw,baseline3_xgb_graph_hetero_raw_h7_lag30_unit,raw,209,155.17360775799693,295.67999201649855,225.3119027607029,123.70988163179975,388.6725919080744,1079.395623857843,187.8037937587065,130.95395523305723,345.84497090161375,896.0166794842414,186.11180068726608,125.86962198258142
unit,hetero,30,14,baseline_3_xgb_graph_hetero_raw,baseline3_xgb_graph_hetero_raw_h14_lag30_unit,raw,209,130.8060932033531,249.3582341385002,206.9610182676821,123.67689645527898,394.4175315600436,1076.2325913502914,192.64772668758314,130.08691258373113,368.06794356052166,981.0428177947153,173.804841773513,129.0534205926243
unit,hetero,30,30,baseline_3_xgb_graph_hetero_raw,baseline3_xgb_graph_hetero_raw_h30_lag30_unit,raw,209,13.078495804190679,20.306809302680083,53.74458640526466,105.69902669630508,418.864523998199,1139.1017647116678,159.4652233466949,130.9524260311787,407.44887170713247,1106.4032268582719,132.90726120293178,138.74988164575433
unit,homo,7,7,baseline_3_xgb_graph_homo_raw,baseline3_xgb_graph_homo_raw_h7_lag7_unit,raw,117,227.54552858570685,461.410289744595,286.07918474740734,123.91381277991509,397.703468874732,1049.264827555709,214.35808024702365,130.64395326982975,406.4940823991414,1004.6148470021107,214.0908423325662,127.14282987557881
unit,homo,7,14,baseline_3_xgb_graph_homo_raw,baseline3_xgb_graph_homo_raw_h14_lag7_unit,raw,117,197.6322425701718,401.8210105985222,255.63623777495908,123.33963710688735,398.0836041513466,1092.4660839337598,229.89431599825315,131.09923700236584,424.05134921602166,1049.9826965005627,213.4315287068095,130.76270857847402
unit,homo,7,30,baseline_3_xgb_graph_homo_raw,baseline3_xgb_graph_homo_raw_h30_lag7_unit,raw,117,217.73198871738967,445.78040445553853,328.29262739353044,125.90378264685671,394.58413392029445,1065.997657116318,235.92110056456573,128.8844419802651,471.3692443751043,1213.7716994497985,133.82951379002554,140.8799910659956
unit,homo,14,7,baseline_3_xgb_graph_homo_raw,baseline3_xgb_graph_homo_raw_h7_lag14_unit,raw,145,179.96052670133687,347.88769964962586,226.84753387646145,123.14179879082587,406.0891019956037,1084.9053268444234,198.16355458881105,131.12814173368622,365.9330288952754,901.4208911713894,189.87777353395467,126.38030392546042
unit,homo,14,14,baseline_3_xgb_graph_homo_raw,baseline3_xgb_graph_homo_raw_h14_lag14_unit,raw,145,178.75218518025915,359.2593169212133,223.51201460528105,123.00652617000772,404.78969798875625,1114.2726583971219,222.2413159820316,130.74004622166734,382.9024820711412,981.9098035979898,178.553904571881,129.68612438802484
unit,homo,14,30,baseline_3_xgb_graph_homo_raw,baseline3_xgb_graph_homo_raw_h30_lag14_unit,raw,145,154.3178782019023,298.73275406153,234.42847800486572,123.67745221589028,401.8248856389878,1070.5440425635225,168.01591510926391,128.4555794662986,396.1790141232942,1031.3099015971793,144.28381332688568,137.59785730267438
unit,homo,30,7,baseline_3_xgb_graph_homo_raw,baseline3_xgb_graph_homo_raw_h7_lag30_unit,raw,209,38.16365549707794,62.57627241722258,100.8703954952478,113.58253838067523,391.18482423682184,1075.1513519369803,183.07320153035587,132.7028441049832,359.76374068506664,917.1888694767008,186.74667851470528,128.30828416270668
unit,homo,30,14,baseline_3_xgb_graph_homo_raw,baseline3_xgb_graph_homo_raw_h14_lag30_unit,raw,209,137.88119298791514,264.25439954302396,216.87652623066748,123.4802520885384,396.49079290982104,1079.283667369941,196.12256174068295,130.2048632734469,370.5364108194951,988.1538801679237,175.63957767069832,128.68067077105016
unit,homo,30,30,baseline_3_xgb_graph_homo_raw,baseline3_xgb_graph_homo_raw_h30_lag30_unit,raw,209,85.25111891576906,152.86443545997258,182.12549415761234,120.82240523058113,424.81888147099136,1159.4635813167806,171.02222137779427,130.7104372600853,414.2733061515048,1142.1522711762325,120.73386125156638,138.63602300507185
unit,proj,7,7,baseline_3_xgb_graph_proj_raw,baseline3_xgb_graph_proj_raw_h7_lag7_unit,raw,125,222.71602094466687,452.6724561353262,272.0047886609441,124.183064372988,402.2634946442087,1063.9361967631685,213.8409447895804,130.9989385919229,408.34034999050033,1014.8634683194449,211.5224819907167,127.55886931110541
unit,proj,7,14,baseline_3_xgb_graph_proj_raw,baseline3_xgb_graph_proj_raw_h14_lag7_unit,raw,125,199.57677509475207,402.67662098577557,272.74717686308725,123.61835912960233,391.21673128740576,1069.415724580106,223.94519987783346,131.275297209278,424.46537908768374,1066.309728566346,212.89988514645012,130.43668325163165
unit,proj,7,30,baseline_3_xgb_graph_proj_raw,baseline3_xgb_graph_proj_raw_h30_lag7_unit,raw,125,204.39558634817925,413.02434393406935,280.2794345360361,125.48946223109982,388.87874479102067,1074.0338642998454,205.89488155167763,128.95020598107592,478.3127973451282,1223.7032119588548,115.24475810642203,140.8352586670803
unit,proj,14,7,baseline_3_xgb_graph_proj_raw,baseline3_xgb_graph_proj_raw_h7_lag14_unit,raw,153,71.79139217397477,120.866599327013,122.83577783437988,116.11538371127035,400.12902359300654,1074.5582328812156,174.08775641209357,132.9401579588941,377.8948675318748,950.6874487200906,197.85129402964435,128.20787125099807
unit,proj,14,14,baseline_3_xgb_graph_proj_raw,baseline3_xgb_graph_proj_raw_h14_lag14_unit,raw,153,161.88501003923412,318.1089914324186,210.31804469863954,122.49948303987162,398.39915939346764,1112.91216014274,216.4286950339349,131.1476726239854,377.4884272651137,985.728985656553,170.10658463226977,129.35587239761318
unit,proj,14,30,baseline_3_xgb_graph_proj_raw,baseline3_xgb_graph_proj_raw_h30_lag14_unit,raw,153,201.68956880153445,403.55116562554855,279.0404567574927,125.49052947722133,412.3829973923001,1091.0772896591518,192.6986084419697,128.60161902372496,375.36216994418083,1004.6040891817725,133.1341450647498,136.12005718667234
unit,proj,30,7,baseline_3_xgb_graph_proj_raw,baseline3_xgb_graph_proj_raw_h7_lag30_unit,raw,217,198.48588059213225,392.7629549054907,289.2321677193933,125.39351267407746,385.09716365578004,1056.1775101266785,210.37929800732078,130.5662686526588,361.2456015956868,951.6428167775798,223.33292098625904,126.10976174339825
unit,proj,30,14,baseline_3_xgb_graph_proj_raw,baseline3_xgb_graph_proj_raw_h14_lag30_unit,raw,217,136.97542387020766,261.3617273628798,207.92219632598474,123.72396266980385,390.14785506711837,1080.9775924415117,179.60810255515662,129.9271783219388,357.3328241552952,954.3546527186709,162.32448344048146,128.45695253043928
unit,proj,30,30,baseline_3_xgb_graph_proj_raw,baseline3_xgb_graph_proj_raw_h30_lag30_unit,raw,217,43.233356623454675,71.43771403943042,125.48328190588424,114.90883230350559,427.2737402136224,1135.908740128936,169.4692458051928,131.03246546637106,406.5388258921737,1081.7155153477058,135.57314314204737,138.63459393170749
