horizon,lag_window,zero_bucket,model,mean_MAE,std_MAE,n_seeds
7,7,high_zero,GNN hetero5,8.886888562635965,2.591353193265989,3
7,7,high_zero,GNN homo5,2.952595847695175,0.998975066114619,3
7,7,high_zero,GNN proj same_group,452.30639131454683,73.85349910972269,3
7,7,high_zero,GNN proj same_plant,508.75385899005846,178.9019329428294,3
7,7,high_zero,GNN proj same_storage,776.6032288289474,301.8063587293288,3
7,7,high_zero,GNN proj same_subgroup,9.76462526791111,1.017348773049833,3
7,7,high_zero,Residual GNN hetero5,11.810381623490498,6.061128909965828,3
7,7,high_zero,Residual GNN homo5,21.081550486973683,17.623982432173708,3
7,7,high_zero,Residual GNN proj same_group,31.098710411659358,11.499064226504444,3
7,7,high_zero,Residual GNN proj same_plant,31.744095936413743,5.871298115826717,3
7,7,high_zero,Residual GNN proj same_storage,49.8136624381579,11.013931898590837,3
7,7,high_zero,Residual GNN proj same_subgroup,24.990399904766083,10.853565995207036,3
7,7,high_zero,XGB,42.30666625453217,19.275084630433476,3
7,7,high_zero,XGB + GNN embed hetero,121.96398465643273,32.515564436312395,3
7,7,high_zero,XGB + GNN embed homo,25.314451694255848,21.296210357927013,3
7,7,high_zero,XGB + GNN embed proj,146.89031373245618,55.00018893512525,3
7,7,high_zero,XGB + graphfeat hetero,86.60549272149122,27.629147434345022,3
7,7,high_zero,XGB + graphfeat homo,77.67776017178362,42.58873857804239,3
7,7,high_zero,XGB + graphfeat proj,91.3272661842105,21.284806903297348,3
7,7,high_zero,XGB+Graph hetero,59.88896411941521,40.587627187085445,3
7,7,high_zero,XGB+Graph homo,41.6963752197076,44.25061182272666,3
7,7,high_zero,XGB+Graph proj,69.52997025804093,10.245719559008744,3
7,7,low_zero,GNN hetero5,909.9402392107605,39.99631463368721,3
7,7,low_zero,GNN homo5,1192.0215044618033,46.867013882590854,3
7,7,low_zero,GNN proj same_group,1478.7417495920072,38.36789470195858,3
7,7,low_zero,GNN proj same_plant,1491.9426428391637,50.02709872155279,3
7,7,low_zero,GNN proj same_storage,1831.346637946472,85.56764366402159,3
7,7,low_zero,GNN proj same_subgroup,1418.5596650993684,33.02778979569297,3
7,7,low_zero,Residual GNN hetero5,857.4017870198755,20.543797753462037,3
7,7,low_zero,Residual GNN homo5,866.676673497419,12.318751061382608,3
7,7,low_zero,Residual GNN proj same_group,843.3621941246453,30.139003245540476,3
7,7,low_zero,Residual GNN proj same_plant,829.0676410331181,36.39015211744267,3
7,7,low_zero,Residual GNN proj same_storage,883.6328939902884,21.401285423352718,3
7,7,low_zero,Residual GNN proj same_subgroup,847.3186724619536,15.675016800569912,3
7,7,low_zero,XGB,862.5911021001979,29.08411880454634,3
7,7,low_zero,XGB + GNN embed hetero,921.4578605851713,21.541576428452903,3
7,7,low_zero,XGB + GNN embed homo,910.4273663923341,11.603081469625588,3
7,7,low_zero,XGB + GNN embed proj,873.375809502328,33.93035374066714,3
7,7,low_zero,XGB + graphfeat hetero,794.8271484309529,5.667501188615814,3
7,7,low_zero,XGB + graphfeat homo,795.985356377773,11.477919665222913,3
7,7,low_zero,XGB + graphfeat proj,806.0767009296072,1.221431644009538,3
7,7,low_zero,XGB+Graph hetero,895.9376236240823,26.61041627146186,3
7,7,low_zero,XGB+Graph homo,891.4268836096809,24.31832498658483,3
7,7,low_zero,XGB+Graph proj,880.3845554067426,29.462542628157685,3
7,7,mid_zero,GNN hetero5,164.56921211680734,4.567074430715831,3
7,7,mid_zero,GNN homo5,245.7234945422359,16.334858592518913,3
7,7,mid_zero,GNN proj same_group,432.5102743925747,57.03505332426505,3
7,7,mid_zero,GNN proj same_plant,550.0928428354073,200.20270556453247,3
7,7,mid_zero,GNN proj same_storage,1013.6676255184972,326.02878594943974,3
7,7,mid_zero,GNN proj same_subgroup,269.8150349959654,21.58075046947225,3
7,7,mid_zero,Residual GNN hetero5,161.7327702535248,4.182580302983179,3
7,7,mid_zero,Residual GNN homo5,170.57103167101877,9.375078698128622,3
7,7,mid_zero,Residual GNN proj same_group,167.12149672934265,7.726417493824316,3
7,7,mid_zero,Residual GNN proj same_plant,167.21741737901849,8.713710182875138,3
7,7,mid_zero,Residual GNN proj same_storage,196.94047265492063,9.000710991320528,3
7,7,mid_zero,Residual GNN proj same_subgroup,178.20594839583973,12.747387713809951,3
7,7,mid_zero,XGB,174.27985866374902,7.875528230183745,3
7,7,mid_zero,XGB + GNN embed hetero,198.00592219196542,19.70198714276786,3
7,7,mid_zero,XGB + GNN embed homo,163.45626374391838,5.616154035513632,3
7,7,mid_zero,XGB + GNN embed proj,224.0736262848017,35.51850417863953,3
7,7,mid_zero,XGB + graphfeat hetero,179.65863957573734,16.235541130179932,3
7,7,mid_zero,XGB + graphfeat homo,176.08359702554245,22.617128309397508,3
7,7,mid_zero,XGB + graphfeat proj,185.9547372058543,11.95149096841328,3
7,7,mid_zero,XGB+Graph hetero,180.51149694249906,19.355787295654046,3
7,7,mid_zero,XGB+Graph homo,168.7907657860541,21.341965265657617,3
7,7,mid_zero,XGB+Graph proj,185.6083412577549,5.653381279074046,3
7,14,high_zero,GNN hetero5,8.18785909494152,0.31646733796628673,3
7,14,high_zero,GNN homo5,4.680914549042398,2.019585762699907,3
7,14,high_zero,GNN proj same_group,525.8229950702263,95.90017172528928,3
7,14,high_zero,GNN proj same_plant,660.1027117683619,84.83155305129141,3
7,14,high_zero,GNN proj same_storage,1048.5972895847954,423.9378035304326,3
7,14,high_zero,GNN proj same_subgroup,10.745445368245614,0.8247095609844739,3
7,14,high_zero,Residual GNN hetero5,15.686621946524122,10.386014432016703,3
7,14,high_zero,Residual GNN homo5,5.5823272158391815,0.9566816816186517,3
7,14,high_zero,Residual GNN proj same_group,16.41269380951389,7.798818065054784,3
7,14,high_zero,Residual GNN proj same_plant,27.809592936750732,13.035902275614173,3
7,14,high_zero,Residual GNN proj same_storage,49.355027999195904,19.043493402612658,3
7,14,high_zero,Residual GNN proj same_subgroup,12.61079832402924,10.869213437060463,3
7,14,high_zero,XGB,25.813196154532168,19.743508118119287,3
7,14,high_zero,XGB + GNN embed hetero,61.116716954678374,74.75462237881672,3
7,14,high_zero,XGB + GNN embed homo,33.28614822755848,31.2872311386043,3
7,14,high_zero,XGB + GNN embed proj,53.332856561622805,33.65387075719996,3
7,14,high_zero,XGB + graphfeat hetero,7.266311287128655,1.2128585587506167,3
7,14,high_zero,XGB + graphfeat homo,6.411989433937865,1.3565397051345822,3
7,14,high_zero,XGB + graphfeat proj,5.873402005479533,0.9558773273645425,3
7,14,high_zero,XGB+Graph hetero,19.655875208333335,3.0209385806453914,3
7,14,high_zero,XGB+Graph homo,13.178185858947371,3.2570862092039223,3
7,14,high_zero,XGB+Graph proj,19.845201482631577,10.759741821959917,3
7,14,low_zero,GNN hetero5,831.7564799838862,33.22191782860827,3
7,14,low_zero,GNN homo5,1160.5662802710651,9.640911116031168,3
7,14,low_zero,GNN proj same_group,1433.9561469914654,20.64935425806377,3
7,14,low_zero,GNN proj same_plant,1520.7404444455397,47.92166936099194,3
7,14,low_zero,GNN proj same_storage,1989.1752101530794,242.90484721692138,3
7,14,low_zero,GNN proj same_subgroup,1381.341669079804,30.354925499512426,3
7,14,low_zero,Residual GNN hetero5,777.5888331686223,22.46406184091144,3
7,14,low_zero,Residual GNN homo5,783.4503789268069,22.254538195579798,3
7,14,low_zero,Residual GNN proj same_group,776.445712733315,6.478876557416514,3
7,14,low_zero,Residual GNN proj same_plant,778.4764809230669,9.320767193282464,3
7,14,low_zero,Residual GNN proj same_storage,794.8411978586543,20.069221674159298,3
7,14,low_zero,Residual GNN proj same_subgroup,773.3965233382991,17.747032382208815,3
7,14,low_zero,XGB,783.1998577556875,9.107439793251222,3
7,14,low_zero,XGB + GNN embed hetero,852.7328079014154,30.068106451013453,3
7,14,low_zero,XGB + GNN embed homo,816.3133135233012,19.042916980021808,3
7,14,low_zero,XGB + GNN embed proj,854.2240771176376,30.590101837687993,3
7,14,low_zero,XGB + graphfeat hetero,731.6386068594664,5.037007425856746,3
7,14,low_zero,XGB + graphfeat homo,729.6548324516785,4.79093434794168,3
7,14,low_zero,XGB + graphfeat proj,736.3988822186989,3.7961517310598563,3
7,14,low_zero,XGB+Graph hetero,808.5391243463806,7.198222097423,3
7,14,low_zero,XGB+Graph homo,814.414890083152,23.539152778907443,3
7,14,low_zero,XGB+Graph proj,791.5220741598033,19.085782652884095,3
7,14,mid_zero,GNN hetero5,165.06292576324083,8.046688176748928,3
7,14,mid_zero,GNN homo5,231.37578496664653,8.743283546374085,3
7,14,mid_zero,GNN proj same_group,482.17585688516715,73.25296942461492,3
7,14,mid_zero,GNN proj same_plant,711.2670162915989,65.34458831085765,3
7,14,mid_zero,GNN proj same_storage,1319.939689972932,486.8518696104574,3
7,14,mid_zero,GNN proj same_subgroup,324.2543884811633,8.552664777904797,3
7,14,mid_zero,Residual GNN hetero5,149.76174631970284,9.436471905629867,3
7,14,mid_zero,Residual GNN homo5,145.51334340369618,7.9886795798885295,3
7,14,mid_zero,Residual GNN proj same_group,146.8966070182721,3.472535883186462,3
7,14,mid_zero,Residual GNN proj same_plant,156.09881211320567,2.4683278258252606,3
7,14,mid_zero,Residual GNN proj same_storage,179.46739984579096,23.711268879702235,3
7,14,mid_zero,Residual GNN proj same_subgroup,148.89719659856385,3.066400320988566,3
7,14,mid_zero,XGB,147.8270815773212,5.670099115568317,3
7,14,mid_zero,XGB + GNN embed hetero,175.5257640018582,42.7059211216223,3
7,14,mid_zero,XGB + GNN embed homo,151.8196802076891,11.637757201751084,3
7,14,mid_zero,XGB + GNN embed proj,165.23632797827634,13.612846340227211,3
7,14,mid_zero,XGB + graphfeat hetero,140.02758704350052,4.71701561890802,3
7,14,mid_zero,XGB + graphfeat homo,141.0918028991014,3.63417813844648,3
7,14,mid_zero,XGB + graphfeat proj,145.51896272120226,2.5428851414652853,3
7,14,mid_zero,XGB+Graph hetero,144.82316684001609,1.983866606037641,3
7,14,mid_zero,XGB+Graph homo,144.75952539712867,1.882334050098262,3
7,14,mid_zero,XGB+Graph proj,146.86312868344692,2.99269545431953,3
7,30,high_zero,GNN hetero5,17.135219398373536,7.143249868995905,3
7,30,high_zero,GNN homo5,6.088078128501461,5.9336802067785595,3
7,30,high_zero,GNN proj same_group,449.76930684963446,37.44810374063645,3
7,30,high_zero,GNN proj same_plant,549.8051927121783,139.3125534600681,3
7,30,high_zero,GNN proj same_storage,1402.1534465153509,424.59162571037893,3
7,30,high_zero,GNN proj same_subgroup,9.360837256593568,0.5409521551050087,3
7,30,high_zero,Residual GNN hetero5,9.45230577758114,4.849896635941122,3
7,30,high_zero,Residual GNN homo5,11.180825825562865,5.854565603420086,3
7,30,high_zero,Residual GNN proj same_group,51.0277911849459,11.776872962314286,3
7,30,high_zero,Residual GNN proj same_plant,40.105761138669585,23.43022243767747,3
7,30,high_zero,Residual GNN proj same_storage,102.0210934478801,36.73361561748871,3
7,30,high_zero,Residual GNN proj same_subgroup,12.116982525533624,6.2744426749016435,3
7,30,high_zero,XGB,25.29399905628655,8.138963796931362,3
7,30,high_zero,XGB + GNN embed hetero,52.829923013157895,44.23871806940458,3
7,30,high_zero,XGB + GNN embed homo,14.32368608472222,3.4163787665857304,3
7,30,high_zero,XGB + GNN embed proj,17.877133578156798,6.558428497083917,3
7,30,high_zero,XGB + graphfeat hetero,2.6425235432500003,0.40988955620594003,3
7,30,high_zero,XGB + graphfeat homo,2.7068161328976608,0.839812154725418,3
7,30,high_zero,XGB + graphfeat proj,3.0322090311915204,0.936486465504944,3
7,30,high_zero,XGB+Graph hetero,4.047874777054093,0.7860396678500622,3
7,30,high_zero,XGB+Graph homo,15.113024392666665,11.26549355803633,3
7,30,high_zero,XGB+Graph proj,14.268302877899124,18.42940930256749,3
7,30,low_zero,GNN hetero5,882.396294203028,48.18186986380676,3
7,30,low_zero,GNN homo5,1269.9054403017128,67.62897568222091,3
7,30,low_zero,GNN proj same_group,1440.695179407201,25.591406794608872,3
7,30,low_zero,GNN proj same_plant,1507.9770984357856,58.567133527526636,3
7,30,low_zero,GNN proj same_storage,2318.8264804933256,568.5398069057904,3
7,30,low_zero,GNN proj same_subgroup,1409.1370522822715,14.13041728516968,3
7,30,low_zero,Residual GNN hetero5,767.5653431052102,20.29032009988594,3
7,30,low_zero,Residual GNN homo5,773.402741056441,14.77672838485604,3
7,30,low_zero,Residual GNN proj same_group,776.4855268915197,11.9694730861505,3
7,30,low_zero,Residual GNN proj same_plant,777.1565000014858,13.352495566502766,3
7,30,low_zero,Residual GNN proj same_storage,823.5340343321559,32.931957994206456,3
7,30,low_zero,Residual GNN proj same_subgroup,761.5634020589091,15.120836928589258,3
7,30,low_zero,XGB,767.3767304826206,10.682462040681008,3
7,30,low_zero,XGB + GNN embed hetero,876.1777610001277,71.75781797115859,3
7,30,low_zero,XGB + GNN embed homo,861.1987033470192,105.5245975928286,3
7,30,low_zero,XGB + GNN embed proj,786.9153107236698,22.656886189663922,3
7,30,low_zero,XGB + graphfeat hetero,773.3492192940172,6.817364179946609,3
7,30,low_zero,XGB + graphfeat homo,762.5013244644189,17.97172113528702,3
7,30,low_zero,XGB + graphfeat proj,757.3021812925477,25.024357292336177,3
7,30,low_zero,XGB+Graph hetero,803.2876092994771,19.0792708070212,3
7,30,low_zero,XGB+Graph homo,796.1969594554092,35.35307642262744,3
7,30,low_zero,XGB+Graph proj,784.2498860321322,30.722156982031933,3
7,30,mid_zero,GNN hetero5,171.81133160992735,3.55693727108771,3
7,30,mid_zero,GNN homo5,263.69234377267475,29.679555692764122,3
7,30,mid_zero,GNN proj same_group,424.9785058867478,28.687865808498774,3
7,30,mid_zero,GNN proj same_plant,603.2302526148869,134.86615790793087,3
7,30,mid_zero,GNN proj same_storage,1749.5466322247546,547.1113688935542,3
7,30,mid_zero,GNN proj same_subgroup,317.9938502095185,15.21078849522985,3
7,30,mid_zero,Residual GNN hetero5,145.4862222922741,1.0229858049515341,3
7,30,mid_zero,Residual GNN homo5,139.64578486567154,7.8174706554558195,3
7,30,mid_zero,Residual GNN proj same_group,155.44314307166812,5.65765380421415,3
7,30,mid_zero,Residual GNN proj same_plant,159.18225024672344,15.287196193072798,3
7,30,mid_zero,Residual GNN proj same_storage,233.58585213590717,43.71720205692719,3
7,30,mid_zero,Residual GNN proj same_subgroup,142.18833709836161,2.933600082104689,3
7,30,mid_zero,XGB,139.48888038648295,3.649351134811661,3
7,30,mid_zero,XGB + GNN embed hetero,174.6084248599576,34.66077059579004,3
7,30,mid_zero,XGB + GNN embed homo,133.9081196201087,1.5522789098107697,3
7,30,mid_zero,XGB + GNN embed proj,144.82319030368032,7.788137959305867,3
7,30,mid_zero,XGB + graphfeat hetero,133.50862702478844,1.0695873584484688,3
7,30,mid_zero,XGB + graphfeat homo,133.57968453091658,1.348611260968717,3
7,30,mid_zero,XGB + graphfeat proj,133.7475514333884,1.2338323276337604,3
7,30,mid_zero,XGB+Graph hetero,134.91967760819838,3.460995936300279,3
7,30,mid_zero,XGB+Graph homo,137.13595496888306,1.522869756884123,3
7,30,mid_zero,XGB+Graph proj,135.6226853714976,4.777012624454354,3
14,7,high_zero,GNN hetero5,13.55830994856631,1.4823910003028502,3
14,7,high_zero,GNN homo5,3.2965965129480286,1.624782167100845,3
14,7,high_zero,GNN proj same_group,550.4785413025138,98.41547168600319,3
14,7,high_zero,GNN proj same_plant,599.4791050778673,89.5443156351628,3
14,7,high_zero,GNN proj same_storage,965.8265040713262,727.0914871231494,3
14,7,high_zero,GNN proj same_subgroup,10.033178684390679,1.3268733773487504,3
14,7,high_zero,Residual GNN hetero5,25.80191740564068,11.456887427938815,3
14,7,high_zero,Residual GNN homo5,10.731432381182797,9.405262697439518,3
14,7,high_zero,Residual GNN proj same_group,112.51885688321863,48.05736296286196,3
14,7,high_zero,Residual GNN proj same_plant,95.21068083362006,18.15293127797864,3
14,7,high_zero,Residual GNN proj same_storage,98.48614585,11.4204671553514,3
14,7,high_zero,Residual GNN proj same_subgroup,25.06961553234767,10.969961023771884,3
14,7,high_zero,XGB,39.8954713827957,19.549263899312976,3
14,7,high_zero,XGB + GNN embed hetero,52.47449554014337,51.82235706856411,3
14,7,high_zero,XGB + GNN embed homo,20.404742340860214,5.475044206441893,3
14,7,high_zero,XGB + GNN embed proj,79.85797139605734,24.338792605558798,3
14,7,high_zero,XGB + graphfeat hetero,17.612113443996417,18.68582146138593,3
14,7,high_zero,XGB + graphfeat homo,10.073033465565413,4.283155775167754,3
14,7,high_zero,XGB + graphfeat proj,9.690909631014337,0.2962304482732058,3
14,7,high_zero,XGB+Graph hetero,12.872914637508961,5.34005906337035,3
14,7,high_zero,XGB+Graph homo,13.24149502410394,3.707245502330198,3
14,7,high_zero,XGB+Graph proj,18.87692903637097,9.331775116473045,3
14,7,low_zero,GNN hetero5,733.8566203346469,31.830247030982818,3
14,7,low_zero,GNN homo5,1005.7037523820618,29.874356376875554,3
14,7,low_zero,GNN proj same_group,1261.805156656067,54.031554245637686,3
14,7,low_zero,GNN proj same_plant,1329.4997447849053,48.74547583859156,3
14,7,low_zero,GNN proj same_storage,1841.3479832817648,541.8737346382285,3
14,7,low_zero,GNN proj same_subgroup,1253.9730209267552,25.805199930954554,3
14,7,low_zero,Residual GNN hetero5,664.2788973653192,54.54641242650324,3
14,7,low_zero,Residual GNN homo5,662.0553160465136,13.853316899851455,3
14,7,low_zero,Residual GNN proj same_group,640.6242922848224,11.45861389503992,3
14,7,low_zero,Residual GNN proj same_plant,666.1236877577231,38.10773271947595,3
14,7,low_zero,Residual GNN proj same_storage,695.6187415186146,34.50104704487146,3
14,7,low_zero,Residual GNN proj same_subgroup,687.134325292894,27.66357463676523,3
14,7,low_zero,XGB,622.2884994705619,15.708958891759464,3
14,7,low_zero,XGB + GNN embed hetero,756.255813169177,34.849446932737,3
14,7,low_zero,XGB + GNN embed homo,680.7597210557543,9.971440851528572,3
14,7,low_zero,XGB + GNN embed proj,728.1759963225524,27.605458364403958,3
14,7,low_zero,XGB + graphfeat hetero,611.8633278214398,7.8227941991366094,3
14,7,low_zero,XGB + graphfeat homo,605.8730375368864,7.8159078366410295,3
14,7,low_zero,XGB + graphfeat proj,623.3620276374019,17.184865659552344,3
14,7,low_zero,XGB+Graph hetero,649.6381042922897,14.161832400349901,3
14,7,low_zero,XGB+Graph homo,644.3129934503145,6.863373085333464,3
14,7,low_zero,XGB+Graph proj,640.2070403794768,16.12192204878624,3
14,7,mid_zero,GNN hetero5,76.83044091658927,4.86082362646026,3
14,7,mid_zero,GNN homo5,185.2588281149439,14.555870907119548,3
14,7,mid_zero,GNN proj same_group,558.524043985619,99.88285859498453,3
14,7,mid_zero,GNN proj same_plant,440.38475149105494,82.15325800965238,3
14,7,mid_zero,GNN proj same_storage,1192.3286450154667,883.2969474923073,3
14,7,mid_zero,GNN proj same_subgroup,61.94374452075502,1.181663053886384,3
14,7,mid_zero,Residual GNN hetero5,76.59287619684095,29.49472387778954,3
14,7,mid_zero,Residual GNN homo5,68.26774111195107,11.223460873092057,3
14,7,mid_zero,Residual GNN proj same_group,144.9893065743807,39.43527080906536,3
14,7,mid_zero,Residual GNN proj same_plant,112.79220000473897,7.660254563770124,3
14,7,mid_zero,Residual GNN proj same_storage,151.81197130949303,15.319693641095746,3
14,7,mid_zero,Residual GNN proj same_subgroup,72.48781212502149,8.273568646200609,3
14,7,mid_zero,XGB,69.07824238101917,9.278107228689109,3
14,7,mid_zero,XGB + GNN embed hetero,82.03254089655083,29.84883824241025,3
14,7,mid_zero,XGB + GNN embed homo,63.13398984392239,0.6126906389050046,3
14,7,mid_zero,XGB + GNN embed proj,95.79614376811594,14.289073705582975,3
14,7,mid_zero,XGB + graphfeat hetero,58.56955725010519,7.041026107519548,3
14,7,mid_zero,XGB + graphfeat homo,54.2739850080801,1.0103153757282757,3
14,7,mid_zero,XGB + graphfeat proj,55.552873855499456,0.5935992665073929,3
14,7,mid_zero,XGB+Graph hetero,54.2057553789881,1.4322383278017106,3
14,7,mid_zero,XGB+Graph homo,54.34690067934175,1.0083564575178137,3
14,7,mid_zero,XGB+Graph proj,58.08629431960339,4.795483933244292,3
14,14,high_zero,GNN hetero5,19.35877798003405,9.920091844606974,3
14,14,high_zero,GNN homo5,5.238926125949821,1.5767310991735806,3
14,14,high_zero,GNN proj same_group,447.5704725211117,126.29744947303199,3
14,14,high_zero,GNN proj same_plant,663.146268855018,111.7146818372287,3
14,14,high_zero,GNN proj same_storage,1111.8008272123654,371.8484523356105,3
14,14,high_zero,GNN proj same_subgroup,8.812652860303762,1.1252309729912575,3
14,14,high_zero,Residual GNN hetero5,19.51028902410394,12.047860534310436,3
14,14,high_zero,Residual GNN homo5,6.012054649640682,2.824675935391569,3
14,14,high_zero,Residual GNN proj same_group,93.56190497824463,35.296201655141175,3
14,14,high_zero,Residual GNN proj same_plant,75.83147433467742,34.80536325181627,3
14,14,high_zero,Residual GNN proj same_storage,159.3522082338889,134.15680028193282,3
14,14,high_zero,Residual GNN proj same_subgroup,19.558695789605732,12.563075849584278,3
14,14,high_zero,XGB,25.273909674641583,20.121262733122393,3
14,14,high_zero,XGB + GNN embed hetero,9.444103618039426,4.210462471787465,3
14,14,high_zero,XGB + GNN embed homo,14.42417287284946,6.583715035518505,3
14,14,high_zero,XGB + GNN embed proj,15.54277501654301,4.098985592483777,3
14,14,high_zero,XGB + graphfeat hetero,4.756120350516129,0.3687143601635649,3
14,14,high_zero,XGB + graphfeat homo,3.5860317830367383,0.27368068783658295,3
14,14,high_zero,XGB + graphfeat proj,4.512668215500179,0.20042956149510438,3
14,14,high_zero,XGB+Graph hetero,9.806745178826164,7.778494476310588,3
14,14,high_zero,XGB+Graph homo,5.048214272485663,0.6560413728304849,3
14,14,high_zero,XGB+Graph proj,5.406254346899641,1.3283251929227666,3
14,14,low_zero,GNN hetero5,599.2091233423612,5.537928018368817,3
14,14,low_zero,GNN homo5,954.5344359446635,21.825461786857286,3
14,14,low_zero,GNN proj same_group,1205.566804012253,17.063285695468178,3
14,14,low_zero,GNN proj same_plant,1370.6310047227132,74.5173044726237,3
14,14,low_zero,GNN proj same_storage,1865.9726029437788,253.3945293112037,3
14,14,low_zero,GNN proj same_subgroup,1221.698820530575,15.968069993549237,3
14,14,low_zero,Residual GNN hetero5,575.1051474827278,6.742951896787861,3
14,14,low_zero,Residual GNN homo5,574.1630595526684,14.143034053183394,3
14,14,low_zero,Residual GNN proj same_group,613.7291367938025,4.361044461018222,3
14,14,low_zero,Residual GNN proj same_plant,605.1004434953264,18.836450306613614,3
14,14,low_zero,Residual GNN proj same_storage,687.4862558365595,96.44574875627357,3
14,14,low_zero,Residual GNN proj same_subgroup,614.5082093186347,23.015880346060907,3
14,14,low_zero,XGB,584.9278277636768,4.021258665838158,3
14,14,low_zero,XGB + GNN embed hetero,604.3487797535432,23.62459103208549,3
14,14,low_zero,XGB + GNN embed homo,592.9482931450094,17.175410567083443,3
14,14,low_zero,XGB + GNN embed proj,579.6514781391508,9.39629114692191,3
14,14,low_zero,XGB + graphfeat hetero,557.6821465676104,7.658272977561062,3
14,14,low_zero,XGB + graphfeat homo,547.8520858993078,9.681752963574692,3
14,14,low_zero,XGB + graphfeat proj,549.9466332592957,10.045672521282086,3
14,14,low_zero,XGB+Graph hetero,566.4641837027931,8.733537477970023,3
14,14,low_zero,XGB+Graph homo,569.6036190433566,7.9517294127181914,3
14,14,low_zero,XGB+Graph proj,582.9038780219927,17.06797012747399,3
14,14,mid_zero,GNN hetero5,95.28867845837514,28.53261997198241,3
14,14,mid_zero,GNN homo5,168.57895279008724,18.502461737020848,3
14,14,mid_zero,GNN proj same_group,454.0290398500634,125.74673976144297,3
14,14,mid_zero,GNN proj same_plant,488.3535792894395,87.2570589106205,3
14,14,mid_zero,GNN proj same_storage,1360.754217545582,453.63965675090935,3
14,14,mid_zero,GNN proj same_subgroup,60.3060814731923,0.25877287760472567,3
14,14,mid_zero,Residual GNN hetero5,63.34889996046959,1.1312265081520678,3
14,14,mid_zero,Residual GNN homo5,65.65345417062491,5.750325890779093,3
14,14,mid_zero,Residual GNN proj same_group,132.08488153570931,33.31307057450539,3
14,14,mid_zero,Residual GNN proj same_plant,102.34597352252194,27.888986290787138,3
14,14,mid_zero,Residual GNN proj same_storage,225.15875060006752,154.06954853129236,3
14,14,mid_zero,Residual GNN proj same_subgroup,66.58315217247674,9.12473613116297,3
14,14,mid_zero,XGB,65.63169580622825,9.411866027592382,3
14,14,mid_zero,XGB + GNN embed hetero,58.940361395877,0.901264351546989,3
14,14,mid_zero,XGB + GNN embed homo,68.73119131453171,1.5208850513305952,3
14,14,mid_zero,XGB + GNN embed proj,63.40861823690068,1.5547868265417555,3
14,14,mid_zero,XGB + graphfeat hetero,56.70412282276349,0.14544641480710724,3
14,14,mid_zero,XGB + graphfeat homo,55.78711682009922,0.6545817552182442,3
14,14,mid_zero,XGB + graphfeat proj,57.78788723761414,0.2914144282461397,3
14,14,mid_zero,XGB+Graph hetero,56.84355662268583,2.7162205895132647,3
14,14,mid_zero,XGB+Graph homo,55.96711853854725,0.7568918610359326,3
14,14,mid_zero,XGB+Graph proj,57.13777985063685,1.545287973162421,3
14,30,high_zero,GNN hetero5,21.894139645114695,14.348559896034914,3
14,30,high_zero,GNN homo5,13.580857021962366,11.982427539311516,3
14,30,high_zero,GNN proj same_group,429.53023696017704,36.45280585402981,3
14,30,high_zero,GNN proj same_plant,617.2300376357526,22.48341904434225,3
14,30,high_zero,GNN proj same_storage,2008.7524247548388,1334.4401197879993,3
14,30,high_zero,GNN proj same_subgroup,10.597364308055555,0.552384865567795,3
14,30,high_zero,Residual GNN hetero5,43.897230814247315,6.317352852414728,3
14,30,high_zero,Residual GNN homo5,10.071801393862009,9.823462474965192,3
14,30,high_zero,Residual GNN proj same_group,61.78805276945699,6.555533574258144,3
14,30,high_zero,Residual GNN proj same_plant,89.12564650878136,37.73777841335587,3
14,30,high_zero,Residual GNN proj same_storage,114.34925575732974,34.449433744069985,3
14,30,high_zero,Residual GNN proj same_subgroup,20.719163353763438,10.038078976318989,3
14,30,high_zero,XGB,25.427000622759852,8.059073573361188,3
14,30,high_zero,XGB + GNN embed hetero,38.92057144354838,8.638731058999035,3
14,30,high_zero,XGB + GNN embed homo,5.873850595878136,1.3272799480284228,3
14,30,high_zero,XGB + GNN embed proj,24.189059892630087,6.056312532616452,3
14,30,high_zero,XGB + graphfeat hetero,3.24308224084767,0.32620469451104034,3
14,30,high_zero,XGB + graphfeat homo,4.55956566440233,1.253281828610025,3
14,30,high_zero,XGB + graphfeat proj,3.295030321845878,0.8119847318510712,3
14,30,high_zero,XGB+Graph hetero,7.659504266827958,4.629144994379723,3
14,30,high_zero,XGB+Graph homo,7.6551124414874545,2.335790282541954,3
14,30,high_zero,XGB+Graph proj,6.417494134318996,2.1878167515589193,3
14,30,low_zero,GNN hetero5,681.6796149710955,39.807326376532174,3
14,30,low_zero,GNN homo5,888.3189984380301,67.90687377306647,3
14,30,low_zero,GNN proj same_group,1204.9283388662152,25.330561543397803,3
14,30,low_zero,GNN proj same_plant,1353.9143179647108,93.56078914961603,3
14,30,low_zero,GNN proj same_storage,2994.3056735137907,1368.0506104990488,3
14,30,low_zero,GNN proj same_subgroup,1240.6032679864138,25.26876803300695,3
14,30,low_zero,Residual GNN hetero5,650.1786623362021,51.19984818104021,3
14,30,low_zero,Residual GNN homo5,593.7643080558219,30.266013977504482,3
14,30,low_zero,Residual GNN proj same_group,581.7279992546474,14.061527063613417,3
14,30,low_zero,Residual GNN proj same_plant,610.034603451877,41.15260290028412,3
14,30,low_zero,Residual GNN proj same_storage,637.7022862318562,13.406925858007389,3
14,30,low_zero,Residual GNN proj same_subgroup,630.3071941566704,9.549443975051148,3
14,30,low_zero,XGB,582.2270345025946,5.022849731392152,3
14,30,low_zero,XGB + GNN embed hetero,611.8141628295833,39.13085778743026,3
14,30,low_zero,XGB + GNN embed homo,663.5871380017057,28.383687842045493,3
14,30,low_zero,XGB + GNN embed proj,579.435742718561,24.70277205480518,3
14,30,low_zero,XGB + graphfeat hetero,568.972080561759,9.171823786096626,3
14,30,low_zero,XGB + graphfeat homo,570.9551423439593,16.72546686744457,3
14,30,low_zero,XGB + graphfeat proj,569.3546567758987,14.781410693454212,3
14,30,low_zero,XGB+Graph hetero,547.9942573921473,17.091840297204087,3
14,30,low_zero,XGB+Graph homo,552.5623849802417,13.230185858931462,3
14,30,low_zero,XGB+Graph proj,549.9034890102197,10.118874877490693,3
14,30,mid_zero,GNN hetero5,95.97001291602255,30.5718124030527,3
14,30,mid_zero,GNN homo5,146.62519497367035,76.87227699080401,3
14,30,mid_zero,GNN proj same_group,433.99821795156873,38.452120374379845,3
14,30,mid_zero,GNN proj same_plant,457.6751895721183,7.273179928257396,3
14,30,mid_zero,GNN proj same_storage,2491.831276285125,1642.568685640281,3
14,30,mid_zero,GNN proj same_subgroup,61.659108259393015,1.1101320059666169,3
14,30,mid_zero,Residual GNN hetero5,133.5817490924887,25.698548897717206,3
14,30,mid_zero,Residual GNN homo5,71.58231352976469,5.139746562210751,3
14,30,mid_zero,Residual GNN proj same_group,101.97563714453209,4.6335729181662435,3
14,30,mid_zero,Residual GNN proj same_plant,111.0928953750096,29.163820958895503,3
14,30,mid_zero,Residual GNN proj same_storage,174.15953457217884,40.976772296922505,3
14,30,mid_zero,Residual GNN proj same_subgroup,70.88453476363564,6.039215215619602,3
14,30,mid_zero,XGB,68.20968490700483,5.894868719179228,3
14,30,mid_zero,XGB + GNN embed hetero,70.45179417134175,5.090233942560377,3
14,30,mid_zero,XGB + GNN embed homo,55.711533166951064,1.0651336262725206,3
14,30,mid_zero,XGB + GNN embed proj,72.10185210424258,14.240563616698598,3
14,30,mid_zero,XGB + graphfeat hetero,54.844914001144616,1.1029603714554306,3
14,30,mid_zero,XGB + graphfeat homo,54.334751234722866,0.9563472567251825,3
14,30,mid_zero,XGB + graphfeat proj,56.17357064563685,0.6251584082125969,3
14,30,mid_zero,XGB+Graph hetero,56.022982983550285,1.5470772034703157,3
14,30,mid_zero,XGB+Graph homo,55.68580076745286,0.7485905519266511,3
14,30,mid_zero,XGB+Graph proj,56.40333248266194,0.8781220987293379,3
30,7,high_zero,GNN hetero5,15.02794755537037,3.9294036383117223,3
30,7,high_zero,GNN homo5,7.329780266588888,6.117907160561789,3
30,7,high_zero,GNN proj same_group,535.4338737369233,113.54809134910789,3
30,7,high_zero,GNN proj same_plant,598.5907584351852,269.4136453736121,3
30,7,high_zero,GNN proj same_storage,772.7320818444445,568.644794626099,3
30,7,high_zero,GNN proj same_subgroup,7.996658880403703,0.8088884319378988,3
30,7,high_zero,Residual GNN hetero5,38.89034597546296,23.614497653748252,3
30,7,high_zero,Residual GNN homo5,3.6722579480685185,5.248001557177191,3
30,7,high_zero,Residual GNN proj same_group,132.63376927494446,6.748943220104981,3
30,7,high_zero,Residual GNN proj same_plant,165.78538122314816,45.23841171846244,3
30,7,high_zero,Residual GNN proj same_storage,142.71835963387036,106.57456565861634,3
30,7,high_zero,Residual GNN proj same_subgroup,32.37835488611111,14.262880920633945,3
30,7,high_zero,XGB,42.252972722222225,17.763978497897803,3
30,7,high_zero,XGB + GNN embed hetero,46.99604001185185,66.31027753376792,3
30,7,high_zero,XGB + GNN embed homo,35.0635493462963,17.205168170307232,3
30,7,high_zero,XGB + GNN embed proj,25.534656831111107,8.05032594669483,3
30,7,high_zero,XGB + graphfeat hetero,6.477071775274074,1.4460145664651682,3
30,7,high_zero,XGB + graphfeat homo,5.022694684918519,0.4531508646109358,3
30,7,high_zero,XGB + graphfeat proj,7.331549917166666,1.4988402266125898,3
30,7,high_zero,XGB+Graph hetero,24.407935022222222,6.062370022196691,3
30,7,high_zero,XGB+Graph homo,19.977840490740743,4.2918787606856235,3
30,7,high_zero,XGB+Graph proj,19.733542153888887,7.765225685811047,3
30,7,low_zero,GNN hetero5,1073.1533040519234,43.63426343486093,3
30,7,low_zero,GNN homo5,1128.649334170892,123.28323938114491,3
30,7,low_zero,GNN proj same_group,1338.6155319508346,58.78290205143009,3
30,7,low_zero,GNN proj same_plant,1406.7014868963024,242.16570504220127,3
30,7,low_zero,GNN proj same_storage,1677.5661812267847,404.53431856084296,3
30,7,low_zero,GNN proj same_subgroup,1292.074576487521,14.44151310024413,3
30,7,low_zero,Residual GNN hetero5,1063.3728676595754,27.569336648249426,3
30,7,low_zero,Residual GNN homo5,1149.2608777108717,48.727264059866805,3
30,7,low_zero,Residual GNN proj same_group,782.1967020169046,64.57958439061422,3
30,7,low_zero,Residual GNN proj same_plant,860.2232370344727,82.27349748938535,3
30,7,low_zero,Residual GNN proj same_storage,844.7428664274481,167.40479468634095,3
30,7,low_zero,Residual GNN proj same_subgroup,874.9315778542606,79.76161694568178,3
30,7,low_zero,XGB,550.7663067093532,21.844049107574744,3
30,7,low_zero,XGB + GNN embed hetero,1075.812761615526,42.722776061217544,3
30,7,low_zero,XGB + GNN embed homo,1018.1933312008964,5.850195975263818,3
30,7,low_zero,XGB + GNN embed proj,1013.1538742241372,20.315187084314033,3
30,7,low_zero,XGB + graphfeat hetero,1066.8039912447236,22.77896226981471,3
30,7,low_zero,XGB + graphfeat homo,1068.572713535094,18.404626612761213,3
30,7,low_zero,XGB + graphfeat proj,1051.6457582263902,6.23833005782221,3
30,7,low_zero,XGB+Graph hetero,1027.2876089951558,6.413093184360611,3
30,7,low_zero,XGB+Graph homo,1028.6675087433039,13.52478524370431,3
30,7,low_zero,XGB+Graph proj,1031.059315754415,6.090577297165349,3
30,7,mid_zero,GNN hetero5,98.03426521366667,15.054200572020319,3
30,7,mid_zero,GNN homo5,81.84795026539915,3.70798109770179,3
30,7,mid_zero,GNN proj same_group,98.00723781388888,9.626952263845947,3
30,7,mid_zero,GNN proj same_plant,362.07356728555555,177.53794735190723,3
30,7,mid_zero,GNN proj same_storage,921.1044923444443,645.4463383656715,3
30,7,mid_zero,GNN proj same_subgroup,72.93339542566666,0.042790505106803614,3
30,7,mid_zero,Residual GNN hetero5,111.3216025988889,23.744555964054882,3
30,7,mid_zero,Residual GNN homo5,79.93950496777778,2.91817290206499,3
30,7,mid_zero,Residual GNN proj same_group,112.8166284288889,5.979281711629844,3
30,7,mid_zero,Residual GNN proj same_plant,183.93491779444443,22.630823868007866,3
30,7,mid_zero,Residual GNN proj same_storage,245.6639928388889,119.11934057406576,3
30,7,mid_zero,Residual GNN proj same_subgroup,104.67890173333335,8.026099804238227,3
30,7,mid_zero,XGB,105.72406145000001,8.431956024429615,3
30,7,mid_zero,XGB + GNN embed hetero,100.09834998355556,32.36653356064178,3
30,7,mid_zero,XGB + GNN embed homo,88.67909874444445,6.781740567759621,3
30,7,mid_zero,XGB + GNN embed proj,87.27727489156668,0.9840975905764596,3
30,7,mid_zero,XGB + graphfeat hetero,74.83080949674445,2.537167999786927,3
30,7,mid_zero,XGB + graphfeat homo,74.53797922122222,1.129083451355704,3
30,7,mid_zero,XGB + graphfeat proj,78.27790177996111,2.939478275370543,3
30,7,mid_zero,XGB+Graph hetero,81.3317143,1.8226263394813915,3
30,7,mid_zero,XGB+Graph homo,80.10539637777778,2.3694939776598924,3
30,7,mid_zero,XGB+Graph proj,84.80036856277778,5.661986745723632,3
30,14,high_zero,GNN hetero5,13.725204551981482,12.645115170227111,3
30,14,high_zero,GNN homo5,6.437857367555556,2.891182843570948,3
30,14,high_zero,GNN proj same_group,517.6445847906592,52.51533179024348,3
30,14,high_zero,GNN proj same_plant,764.7115300666668,208.54279561509765,3
30,14,high_zero,GNN proj same_storage,1320.2518855074075,368.01440956907584,3
30,14,high_zero,GNN proj same_subgroup,10.010624861018519,1.2442429988685535,3
30,14,high_zero,Residual GNN hetero5,23.11134976724074,9.194042907416728,3
30,14,high_zero,Residual GNN homo5,2.7933703070444444,1.970254861071818,3
30,14,high_zero,Residual GNN proj same_group,252.82381358437033,13.738393560249145,3
30,14,high_zero,Residual GNN proj same_plant,259.0728282537037,111.82245768640011,3
30,14,high_zero,Residual GNN proj same_storage,279.6879008648148,125.73397314054091,3
30,14,high_zero,Residual GNN proj same_subgroup,17.22396324088889,10.171749590646558,3
30,14,high_zero,XGB,26.26479935648148,18.922693602094945,3
30,14,high_zero,XGB + GNN embed hetero,15.25900820185185,7.348467000779104,3
30,14,high_zero,XGB + GNN embed homo,16.421639633888887,18.470335630169846,3
30,14,high_zero,XGB + GNN embed proj,84.7685564973426,127.68608978495318,3
30,14,high_zero,XGB + graphfeat hetero,2.4362487294592596,0.12612171207105913,3
30,14,high_zero,XGB + graphfeat homo,2.9763963421370367,0.37407860906446594,3
30,14,high_zero,XGB + graphfeat proj,3.0049616500898146,1.3339412800984392,3
30,14,high_zero,XGB+Graph hetero,11.31586391907407,8.237772949403864,3
30,14,high_zero,XGB+Graph homo,16.545486841666666,5.453960910831615,3
30,14,high_zero,XGB+Graph proj,8.038693333703703,0.16277357377002585,3
30,14,low_zero,GNN hetero5,1127.2207587376965,24.700459678672978,3
30,14,low_zero,GNN homo5,1274.4288326648223,72.29682714402395,3
30,14,low_zero,GNN proj same_group,1363.0150306705075,45.26395695109747,3
30,14,low_zero,GNN proj same_plant,1532.7355795763688,196.83508921863944,3
30,14,low_zero,GNN proj same_storage,2276.307779500814,329.18771340422893,3
30,14,low_zero,GNN proj same_subgroup,1363.4159212694044,25.113166887331776,3
30,14,low_zero,Residual GNN hetero5,1097.2629157251974,145.97113783578448,3
30,14,low_zero,Residual GNN homo5,1171.5781042723122,87.80867482809684,3
30,14,low_zero,Residual GNN proj same_group,839.2826975625738,57.7631925257695,3
30,14,low_zero,Residual GNN proj same_plant,930.0677692266169,140.15876382321588,3
30,14,low_zero,Residual GNN proj same_storage,980.5896315077085,132.60261896898663,3
30,14,low_zero,Residual GNN proj same_subgroup,876.3195974242136,72.5870869588734,3
30,14,low_zero,XGB,495.1691991048953,9.06242214082772,3
30,14,low_zero,XGB + GNN embed hetero,1179.1524194086403,71.42503178364245,3
30,14,low_zero,XGB + GNN embed homo,1120.9114333194086,19.501861222083594,3
30,14,low_zero,XGB + GNN embed proj,1160.390230546961,72.53618139851007,3
30,14,low_zero,XGB + graphfeat hetero,1105.7558834920692,9.49134359950135,3
30,14,low_zero,XGB + graphfeat homo,1106.1911506590752,25.713801844777905,3
30,14,low_zero,XGB + graphfeat proj,1096.877497016853,3.63820804843698,3
30,14,low_zero,XGB+Graph hetero,1055.572419098273,2.2609912848807494,3
30,14,low_zero,XGB+Graph homo,1056.9712696991373,6.521642900085253,3
30,14,low_zero,XGB+Graph proj,1054.421790647625,10.210204598512396,3
30,14,mid_zero,GNN hetero5,105.00477581555556,4.989835243887355,3
30,14,mid_zero,GNN homo5,89.02932350722222,11.390120217497461,3
30,14,mid_zero,GNN proj same_group,90.15034408444444,3.72333229444035,3
30,14,mid_zero,GNN proj same_plant,470.4706257611111,125.0822921230803,3
30,14,mid_zero,GNN proj same_storage,1564.7643867555555,426.13756055082246,3
30,14,mid_zero,GNN proj same_subgroup,72.85477566002221,0.03614389535596722,3
30,14,mid_zero,Residual GNN hetero5,111.55729242555556,8.147005221581386,3
30,14,mid_zero,Residual GNN homo5,96.01282367981666,2.3484065701284393,3
30,14,mid_zero,Residual GNN proj same_group,136.54651554833333,13.07143739400397,3
30,14,mid_zero,Residual GNN proj same_plant,248.88083407588888,76.78779859923155,3
30,14,mid_zero,Residual GNN proj same_storage,412.9969602055555,159.4298387472141,3
30,14,mid_zero,Residual GNN proj same_subgroup,103.88738387055555,8.443007938532267,3
30,14,mid_zero,XGB,104.36270632777779,8.112340050497506,3
30,14,mid_zero,XGB + GNN embed hetero,84.99258734166666,1.0710788758116165,3
30,14,mid_zero,XGB + GNN embed homo,89.32878588861111,9.656212606124885,3
30,14,mid_zero,XGB + GNN embed proj,161.9493373216667,145.6793472542201,3
30,14,mid_zero,XGB + graphfeat hetero,75.39568529676666,1.955066140784981,3
30,14,mid_zero,XGB + graphfeat homo,75.82447573483331,1.5502314177516199,3
30,14,mid_zero,XGB + graphfeat proj,79.32386525259722,2.2238150296213948,3
30,14,mid_zero,XGB+Graph hetero,82.09995994666667,0.27770496935107725,3
30,14,mid_zero,XGB+Graph homo,82.93928873888889,2.183571475781265,3
30,14,mid_zero,XGB+Graph proj,86.51244399911111,2.119300270587611,3
30,30,high_zero,GNN hetero5,36.160397407648155,19.536784426002235,3
30,30,high_zero,GNN homo5,7.460070079796297,11.273703170392372,3
30,30,high_zero,GNN proj same_group,559.782171193047,155.1382576474007,3
30,30,high_zero,GNN proj same_plant,734.9347705101851,136.78674146501098,3
30,30,high_zero,GNN proj same_storage,1053.4823936153518,40.23169108488452,3
30,30,high_zero,GNN proj same_subgroup,8.639133400518519,1.3175572250740277,3
30,30,high_zero,Residual GNN hetero5,9.739952687055556,4.389657635538447,3
30,30,high_zero,Residual GNN homo5,2.554239344611111,1.469682476973693,3
30,30,high_zero,Residual GNN proj same_group,199.75600877167406,29.992707640917246,3
30,30,high_zero,Residual GNN proj same_plant,238.78078908638886,85.78839264205733,3
30,30,high_zero,Residual GNN proj same_storage,240.8525909674074,117.73876929342138,3
30,30,high_zero,Residual GNN proj same_subgroup,17.273276081481484,4.9745339872153185,3
30,30,high_zero,XGB,24.43773291296296,8.143395865396776,3
30,30,high_zero,XGB + GNN embed hetero,12.500150894611112,17.078179975652315,3
30,30,high_zero,XGB + GNN embed homo,2.051604815824074,0.4303424700119449,3
30,30,high_zero,XGB + GNN embed proj,26.4512540999537,23.67034572675494,3
30,30,high_zero,XGB + graphfeat hetero,2.4325820674148146,0.6967905532537693,3
30,30,high_zero,XGB + graphfeat homo,1.692226414188889,0.38623897178091426,3
30,30,high_zero,XGB + graphfeat proj,1.3289508935740741,0.4294437665816196,3
30,30,high_zero,XGB+Graph hetero,2.1889842920179627,0.09130281017979043,3
30,30,high_zero,XGB+Graph homo,1.9267558887703702,0.6017535971212574,3
30,30,high_zero,XGB+Graph proj,2.130839165602963,0.25439117262632144,3
30,30,low_zero,GNN hetero5,1123.1475923662626,62.623699541925156,3
30,30,low_zero,GNN homo5,1327.4613179257112,38.94099623519663,3
30,30,low_zero,GNN proj same_group,1385.9660203656929,120.35781044617202,3
30,30,low_zero,GNN proj same_plant,1479.8323088430186,112.48329423784169,3
30,30,low_zero,GNN proj same_storage,1952.446931310713,186.61120964629626,3
30,30,low_zero,GNN proj same_subgroup,1363.790973482882,36.861457671188475,3
30,30,low_zero,Residual GNN hetero5,1068.0396081174824,153.27318075195637,3
30,30,low_zero,Residual GNN homo5,975.830485813705,92.08143091644426,3
30,30,low_zero,Residual GNN proj same_group,744.9503619885601,50.02985133317695,3
30,30,low_zero,Residual GNN proj same_plant,847.7041194004552,71.50785643028571,3
30,30,low_zero,Residual GNN proj same_storage,804.8958720602701,150.86008401205808,3
30,30,low_zero,Residual GNN proj same_subgroup,862.188968689953,42.15638146578221,3
30,30,low_zero,XGB,485.41722657143845,7.811845636350105,3
30,30,low_zero,XGB + GNN embed hetero,1118.2699918516066,110.630463395806,3
30,30,low_zero,XGB + GNN embed homo,1083.833584197728,19.47975763850171,3
30,30,low_zero,XGB + GNN embed proj,1090.868790757425,33.75232824021785,3
30,30,low_zero,XGB + graphfeat hetero,1084.4352197667329,20.27003730187166,3
30,30,low_zero,XGB + graphfeat homo,1082.8103368426803,14.181751776434856,3
30,30,low_zero,XGB + graphfeat proj,1078.300112196722,13.74116653299881,3
30,30,low_zero,XGB+Graph hetero,1051.0551151552545,11.525339178710622,3
30,30,low_zero,XGB+Graph homo,1058.1850083342938,16.61984737076389,3
30,30,low_zero,XGB+Graph proj,1066.4193620514068,4.836013087845526,3
30,30,mid_zero,GNN hetero5,128.20627234444444,49.90604225547647,3
30,30,mid_zero,GNN homo5,70.58236783761112,0.6523737484995801,3
30,30,mid_zero,GNN proj same_group,99.42147185944445,24.58430485729248,3
30,30,mid_zero,GNN proj same_plant,418.69737934666665,77.68340439549355,3
30,30,mid_zero,GNN proj same_storage,1233.5437584999997,50.69640369206011,3
30,30,mid_zero,GNN proj same_subgroup,73.26965284755555,0.25637342562823345,3
30,30,mid_zero,Residual GNN hetero5,92.5737127488889,9.008251289441525,3
30,30,mid_zero,Residual GNN homo5,78.33053667944444,5.1906739066381045,3
30,30,mid_zero,Residual GNN proj same_group,112.31661877222223,11.770675628716356,3
30,30,mid_zero,Residual GNN proj same_plant,223.28971882777776,48.020301618096944,3
30,30,mid_zero,Residual GNN proj same_storage,345.03814322222223,143.3767320437752,3
30,30,mid_zero,Residual GNN proj same_subgroup,83.07640502777777,3.2308493931295694,3
30,30,mid_zero,XGB,86.40711909444445,4.286869680758477,3
30,30,mid_zero,XGB + GNN embed hetero,80.58264929583333,8.926079126448721,3
30,30,mid_zero,XGB + GNN embed homo,75.72945089077778,1.2751023826381076,3
30,30,mid_zero,XGB + GNN embed proj,92.16032423444445,12.590493975550729,3
30,30,mid_zero,XGB + graphfeat hetero,76.80943751166667,2.795780030174541,3
30,30,mid_zero,XGB + graphfeat homo,76.71634146222222,3.48945064353003,3
30,30,mid_zero,XGB + graphfeat proj,69.12769518583333,2.051863227507326,3
30,30,mid_zero,XGB+Graph hetero,75.68828331861111,4.057723060045101,3
30,30,mid_zero,XGB+Graph homo,74.69711935527776,4.681096680803403,3
30,30,mid_zero,XGB+Graph proj,71.70815364166667,5.254957575889718,3
