temporal_type,lag_window,horizon,model_family,graph_type,variant,tag,edge_view,target_transform,clip_pred,use_softplus_output,MAE_test,RMSE_test,MAPE_test,sMAPE_test
unit,7,7,naive_last_t0,no_graph,naive_last_t0,naive_last_t0_h7_lag7_unit,,raw,False,False,404.7803092041698,1117.0676323476123,125.05763671340911,62.20101400471866
unit,7,14,naive_last_t0,no_graph,naive_last_t0,naive_last_t0_h14_lag7_unit,,raw,False,False,401.13768238565524,1135.1862975691947,111.92531830113816,60.98044272189425
unit,7,30,naive_last_t0,no_graph,naive_last_t0,naive_last_t0_h30_lag7_unit,,raw,False,False,797.6306513486312,2078.4715400469895,237.37096330122984,93.11787650761266
unit,14,7,naive_last_t0,no_graph,naive_last_t0,naive_last_t0_h7_lag14_unit,,raw,False,False,404.7803092041698,1117.0676323476123,125.05763671340911,62.20101400471866
unit,14,14,naive_last_t0,no_graph,naive_last_t0,naive_last_t0_h14_lag14_unit,,raw,False,False,401.13768238565524,1135.1862975691947,111.92531830113816,60.98044272189425
unit,14,30,naive_last_t0,no_graph,naive_last_t0,naive_last_t0_h30_lag14_unit,,raw,False,False,797.6306513486312,2078.4715400469895,237.37096330122984,93.11787650761266
unit,30,7,naive_last_t0,no_graph,naive_last_t0,naive_last_t0_h7_lag30_unit,,raw,False,False,404.7803092041698,1117.0676323476123,125.05763671340911,62.20101400471866
unit,30,14,naive_last_t0,no_graph,naive_last_t0,naive_last_t0_h14_lag30_unit,,raw,False,False,401.13768238565524,1135.1862975691947,111.92531830113816,60.98044272189425
unit,30,30,naive_last_t0,no_graph,naive_last_t0,naive_last_t0_h30_lag30_unit,,raw,False,False,797.6306513486312,2078.4715400469895,237.37096330122984,93.11787650761266
